{
 "-1.000000": {
  "mu2": -1.0,
  "r_bare": -1.0,
  "n_roots": 1,
  "path": "alpha",
  "roots": [
   {
    "r_R": 0.09908103935423196,
    "M": 0.17925004726952518,
    "shift_quartic_3uM": -0.462465121955375,
    "shift_sextic_15vM2": 1.561546161081773,
    "fractional_shift": 1.0990810393542318,
    "residual": 2.2783397390924165e-10
   }
  ]
 },
 "-0.900000": {
  "mu2": -0.9,
  "r_bare": -0.9,
  "n_roots": 1,
  "path": "alpha",
  "roots": [
   {
    "r_R": 0.10714248509478108,
    "M": 0.17292503383416463,
    "shift_quartic_3uM": -0.44614658729214474,
    "shift_sextic_15vM2": 1.4532890720701834,
    "fractional_shift": 1.119047205660868,
    "residual": 3.167426321226685e-10
   }
  ]
 },
 "-0.800000": {
  "mu2": -0.8,
  "r_bare": -0.8,
  "n_roots": 1,
  "path": "alpha",
  "roots": [
   {
    "r_R": 0.11653988698505058,
    "M": 0.16641238947787623,
    "shift_quartic_3uM": -0.4293439648529207,
    "shift_sextic_15vM2": 1.3458838518663876,
    "fractional_shift": 1.1456748587313133,
    "residual": -2.8416158315280882e-11
   }
  ]
 },
 "-0.700000": {
  "mu2": -0.7,
  "r_bare": -0.7,
  "n_roots": 1,
  "path": "alpha",
  "roots": [
   {
    "r_R": 0.1275950080208792,
    "M": 0.1597094437971181,
    "shift_quartic_3uM": -0.4120503649965647,
    "shift_sextic_15vM2": 1.2396453728860626,
    "fractional_shift": 1.1822785828869702,
    "residual": 1.3138135024348685e-10
   }
  ]
 },
 "-0.600000": {
  "mu2": -0.6,
  "r_bare": -0.6,
  "n_roots": 1,
  "path": "alpha",
  "roots": [
   {
    "r_R": 0.14072246936610655,
    "M": 0.15281967269724325,
    "shift_quartic_3uM": -0.3942747555588876,
    "shift_sextic_15vM2": 1.1349972248560183,
    "fractional_shift": 1.234537448943511,
    "residual": 6.89757140293068e-11
   }
  ]
 },
 "-0.500000": {
  "mu2": -0.5,
  "r_bare": -0.5,
  "n_roots": 1,
  "path": "alpha",
  "roots": [
   {
    "r_R": 0.15645410343967514,
    "M": 0.1457565818955641,
    "shift_quartic_3uM": -0.3760519812905554,
    "shift_sextic_15vM2": 1.0325060846616845,
    "fractional_shift": 1.3129082068793503,
    "residual": 6.854605771877686e-11
   }
  ]
 },
 "-0.400000": {
  "mu2": -0.4,
  "r_bare": -0.4,
  "n_roots": 1,
  "path": "alpha",
  "roots": [
   {
    "r_R": 0.17546238244907042,
    "M": 0.13854915503625367,
    "shift_quartic_3uM": -0.3574568199935345,
    "shift_sextic_15vM2": 0.932919202357229,
    "fractional_shift": 1.438655956122676,
    "residual": 8.537592854906961e-11
   }
  ]
 },
 "-0.300000": {
  "mu2": -0.3,
  "r_bare": -0.3,
  "n_roots": 1,
  "path": "alpha",
  "roots": [
   {
    "r_R": 0.19857258785304782,
    "M": 0.131248688315737,
    "shift_quartic_3uM": -0.33862161585460143,
    "shift_sextic_15vM2": 0.8371942037716318,
    "fractional_shift": 1.661908626176826,
    "residual": -6.398259699835762e-11
   }
  ]
 },
 "-0.200000": {
  "mu2": -0.2,
  "r_bare": -0.2,
  "n_roots": 1,
  "path": "alpha",
  "roots": [
   {
    "r_R": 0.22674395871316055,
    "M": 0.12393562171473413,
    "shift_quartic_3uM": -0.31975390402401405,
    "shift_sextic_15vM2": 0.7464978628291392,
    "fractional_shift": 2.1337197935658025,
    "residual": -9.196465811101007e-11
   }
  ]
 },
 "-0.100000": {
  "mu2": -0.1,
  "r_bare": -0.1,
  "n_roots": 1,
  "path": "alpha",
  "roots": [
   {
    "r_R": 0.26099215884219584,
    "M": 0.11672283167001624,
    "shift_quartic_3uM": -0.3011449057086419,
    "shift_sextic_15vM2": 0.6621370644470536,
    "fractional_shift": 3.609921588421958,
    "residual": 1.0378420345347195e-10
   }
  ]
 },
 "+0.000000": {
  "mu2": 0.0,
  "r_bare": 0.0,
  "n_roots": 1,
  "path": "alpha",
  "roots": [
   {
    "r_R": 0.30223362031673445,
    "M": 0.10974982477575979,
    "shift_quartic_3uM": -0.2831545479214603,
    "shift_sextic_15vM2": 0.5853881682618649,
    "fractional_shift": Infinity,
    "residual": -2.3670176929613262e-11
   }
  ]
 },
 "+0.100000": {
  "mu2": 0.1,
  "r_bare": 0.1,
  "n_roots": 1,
  "path": "alpha",
  "roots": [
   {
    "r_R": 0.35107468123697616,
    "M": 0.10316362292031901,
    "shift_quartic_3uM": -0.26616214713442304,
    "shift_sextic_15vM2": 0.5172368283706245,
    "fractional_shift": 2.510746812369762,
    "residual": 7.748246488858967e-13
   }
  ]
 },
 "+0.200000": {
  "mu2": 0.2,
  "r_bare": 0.2,
  "n_roots": 1,
  "path": "alpha",
  "roots": [
   {
    "r_R": 0.40763277124472674,
    "M": 0.09708979897805523,
    "shift_quartic_3uM": -0.2504916813633825,
    "shift_sextic_15vM2": 0.4581244525881199,
    "fractional_shift": 1.0381638562236335,
    "residual": 1.998934351377102e-11
   }
  ]
 },
 "+0.300000": {
  "mu2": 0.3,
  "r_bare": 0.3,
  "n_roots": 1,
  "path": "alpha",
  "roots": [
   {
    "r_R": 0.47149574284694185,
    "M": 0.09160672484292241,
    "shift_quartic_3uM": -0.23634535009473984,
    "shift_sextic_15vM2": 0.40784109297131926,
    "fractional_shift": 0.5716524761564729,
    "residual": -2.963757017582225e-11
   }
  ]
 },
 "+0.400000": {
  "mu2": 0.4,
  "r_bare": 0.4,
  "n_roots": 1,
  "path": "alpha",
  "roots": [
   {
    "r_R": 0.5418474276423797,
    "M": 0.08673634355858427,
    "shift_quartic_3uM": -0.2237797663811474,
    "shift_sextic_15vM2": 0.3656271940841603,
    "fractional_shift": 0.3546185691059492,
    "residual": -6.063322066651722e-11
   }
  ]
 },
 "+0.500000": {
  "mu2": 0.5,
  "r_bare": 0.5,
  "n_roots": 1,
  "path": "alpha",
  "roots": [
   {
    "r_R": 0.6176794797555718,
    "M": 0.0824532310071386,
    "shift_quartic_3uM": -0.2127293359984176,
    "shift_sextic_15vM2": 0.3304088157509049,
    "fractional_shift": 0.2353589595111436,
    "residual": 3.084477118164841e-12
   }
  ]
 },
 "+0.005000": {
  "mu2": 0.005,
  "r_bare": 0.005,
  "n_roots": 1,
  "path": "alpha",
  "roots": [
   {
    "r_R": 0.3044920139179999,
    "M": 0.10941014603962496,
    "shift_quartic_3uM": -0.2822781767822324,
    "shift_sextic_15vM2": 0.5817701907416262,
    "fractional_shift": 59.89840278359998,
    "residual": -4.1393888317031724e-11
   }
  ]
 }
}