{
  "script": "dr2_decoupling_exponent.py",
  "version": "1.0.0",
  "N_list": [
    16,
    36,
    64,
    100,
    144
  ],
  "alpha": {
    "great_circle": 2.025864854930243,
    "cap_grid": 1.9481803280869276,
    "flat_grid": 2.975423833505749,
    "random": 2.0127085856930096
  },
  "results": {
    "great_circle": {
      "Ns": [
        16,
        36,
        64,
        100,
        144
      ],
      "E_plus": [
        720,
        3780,
        12096,
        29700,
        61776
      ],
      "alpha": 2.025864854930243,
      "E_over_n2": [
        2.8125,
        2.9166666666666665,
        2.953125,
        2.97,
        2.9791666666666665
      ]
    },
    "cap_grid": {
      "Ns": [
        16,
        36,
        64,
        100,
        144
      ],
      "E_plus": [
        720,
        3524,
        10944,
        25604,
        52048
      ],
      "alpha": 1.9481803280869276,
      "E_over_n2": [
        2.8125,
        2.7191358024691357,
        2.671875,
        2.5604,
        2.510030864197531
      ]
    },
    "flat_grid": {
      "Ns": [
        16,
        36,
        64,
        100,
        144
      ],
      "E_plus": [
        1936,
        21316,
        118336,
        448900,
        1336336
      ],
      "alpha": 2.975423833505749,
      "E_over_n2": [
        7.5625,
        16.44753086419753,
        28.890625,
        44.89,
        64.44521604938272
      ]
    },
    "random": {
      "Ns": [
        16,
        36,
        64,
        100,
        144
      ],
      "E_plus": [
        496,
        2556,
        8128,
        19900,
        41328
      ],
      "alpha": 2.0127085856930096,
      "E_over_n2": [
        1.9375,
        1.9722222222222223,
        1.984375,
        1.99,
        1.9930555555555556
      ]
    }
  },
  "claims": [
    {
      "name": "sphere_configs_quadratic",
      "passed": true,
      "detail": "(great_circle=2.03, cap_grid=1.95, random=2.01 all <= 2.3: additive energy on S^2 is N^{2+o(1)}, the Bourgain-Demeter decoupling exponent, NOT N^3)"
    },
    {
      "name": "flat_control_cubic",
      "passed": true,
      "detail": "(flat_grid alpha=2.98 >= 2.6: the SAME (u,v) grid kept FLAT has near-N^3 additive energy -- so the cap_grid's ~N^2 is the curvature pinning quadruples to rectangles, not an artefact)"
    },
    {
      "name": "curvature_mechanism_gap",
      "passed": true,
      "detail": "(flat alpha 2.98 - sphere cap alpha 1.95 = 1.03 >= 0.5: the curvature mechanism (height-quadratic => sum-of-squares conservation => rectangle rigidity, R-007) is directly demonstrated)"
    },
    {
      "name": "E_over_N2_subpolynomial",
      "passed": true,
      "detail": "(E_+/N^2 for the great circle grows by only x1.06 over N=16->144: consistent with the N^eps / polylog correction, not a power of N)"
    }
  ],
  "all_pass": true
}