{"z0": {"bracket": 1.0500729523019319e-17, "dtr": 1.0500729523019319e-17, "drem": 0.0, "sbar": 0.10244964608300831, "sig2": 0.0, "sig4": 0.0, "Mt_basis": 0.10244964608300831, "off2": 0.0, "xnorm": 0.0, "rhat": 0.30452570866747025}, "pc_argmin": {"bracket": -1.1017820639952647e-08, "dtr": -1.683675056292926e-08, "drem": 5.818929922976612e-09, "sbar": 0.10220964977557127, "sig2": -4.177054548601657e-05, "sig4": 3.539613991513616e-09, "Mt_basis": 0.10220952257711585, "off2": -1.6836728896726537e-08, "xnorm": 0.0030253269239741876, "rhat": 0.30613769522687007}, "dF_impact": 3.442691152988342e-09, "pcs_0.01_0.4": null, "pcs_0.01_0.7": {"bracket": 2.2332025487347368e-07, "dtr": -2.3496159460853976e-08, "drem": 2.4681641433432766e-07, "sbar": 0.17721254753695234, "sig2": -9.647345209253314e-05, "sig4": 5.123381358774807e-09, "Mt_basis": 0.17721199252166725, "off2": -2.3496061275844267e-08, "xnorm": 0.005634005188044037, "rhat": 0.09346079588499671}, "pcs_0.01_1.0": {"bracket": -1.1017820639952647e-08, "dtr": -1.683675056292926e-08, "drem": 5.818929922976612e-09, "sbar": 0.10220964977557127, "sig2": -4.177054548601657e-05, "sig4": 3.539613991513616e-09, "Mt_basis": 0.10220952257711585, "off2": -1.6836728896726537e-08, "xnorm": 0.0030253269239741876, "rhat": 0.30613769522687007}, "pcs_0.01_1.5": {"bracket": -8.424199452089312e-09, "dtr": -1.3144142277560037e-08, "drem": 4.719942825470724e-09, "sbar": 0.06482644531835823, "sig2": -1.9648796049353265e-05, "sig4": 2.3476817543747408e-09, "Mt_basis": 0.06482641012847314, "off2": -1.3144135239111525e-08, "xnorm": 0.0018797577128317699, "rhat": 0.8933250653182068}, "pcs_0.01_2.0": {"bracket": -4.94377418105482e-09, "dtr": -1.124944586030682e-08, "drem": 6.305671679252001e-09, "sbar": 0.04938951424832488, "sig2": -1.2033668516498201e-05, "sig4": 1.6332175607784865e-09, "Mt_basis": 0.04938949883816008, "off2": -1.124944227137559e-08, "xnorm": 0.0014431983446102571, "rhat": 1.7714197743948101}, "pcs_0.01_2.5": {"bracket": -3.4109806280573298e-09, "dtr": -1.000945188356072e-08, "drem": 6.598471255503391e-09, "sbar": 0.04064886918290659, "sig2": -8.336292782162106e-06, "sig4": 1.1733514954659598e-09, "Mt_basis": 0.0406488608575261, "off2": -1.000944970572546e-08, "xnorm": 0.0012258284856552452, "rhat": 2.9404218224566825}, "pcs_0.02_0.4": null, "pcs_0.02_0.7": {"bracket": 3.216323235873824e-06, "dtr": -3.662510082109892e-07, "drem": 3.582574244084813e-06, "sbar": 0.17461012875482163, "sig2": -0.00037447777144946026, "sig4": 7.952083927732645e-08, "Mt_basis": 0.1746017297067499, "off2": -3.6622772160038686e-07, "xnorm": 0.021967219495987633, "rhat": 0.09639410645973637}, "pcs_0.02_1.0": {"bracket": -1.7626494059283195e-07, "dtr": -2.65818973422854e-07, "drem": 8.955403283002206e-08, "sbar": 0.1015008659951913, "sig2": -0.0001644751383560164, "sig4": 5.569957749782259e-08, "Mt_basis": 0.10149888788309104, "off2": -2.658136254700378e-07, "xnorm": 0.011954734966583603, "rhat": 0.3109853189050696}, "pcs_0.02_1.5": {"bracket": -1.3326351301328878e-07, "dtr": -2.0867202589174974e-07, "drem": 7.540851287846095e-08, "sbar": 0.06459121230057453, "sig2": -7.787194196303199e-05, "sig4": 3.71535670025657e-08, "Mt_basis": 0.06459065848918503, "off2": -2.0867025918957708e-07, "xnorm": 0.007470330414594138, "rhat": 0.901363210835506}, "pcs_0.02_2.0": {"bracket": -7.862028359721836e-08, "dtr": -1.7898890141692e-07, "drem": 1.0036861781970163e-07, "sbar": 0.0492685497405583, "sig2": -4.781717580762488e-05, "sig4": 2.5907600801008126e-08, "Mt_basis": 0.04926830606639602, "off2": -1.7898799580111105e-07, "xnorm": 0.005748282219958397, "rhat": 1.7826484417512092}, "pcs_0.02_2.5": {"bracket": -5.4419162070377385e-08, "dtr": -1.594544133794376e-07, "drem": 1.0503525130906022e-07, "sbar": 0.040573400820269924, "sig2": -3.317334962290508e-05, "sig4": 1.8639201294701043e-08, "Mt_basis": 0.04057326883160021, "off2": -1.5945386257468533e-07, "xnorm": 0.004889134864781059, "rhat": 2.954841011652181}, "pcs_0.04_0.4": null, "pcs_0.04_0.7": {"bracket": 3.446561265354138e-05, "dtr": -5.319936398450505e-06, "drem": 3.9785549051991886e-05, "sbar": 0.16524651236809587, "sig2": -0.0013396341661770221, "sig4": 1.1367927231361697e-06, "Mt_basis": 0.16513728669495303, "off2": -5.315446537177199e-06, "xnorm": 0.07987223335795156, "rhat": 0.108302308758695}, "pcs_0.04_1.0": {"bracket": -2.794811215318649e-06, "dtr": -4.0406252974020566e-06, "drem": 1.2458140820834074e-06, "sbar": 0.09882231766760738, "sig2": -0.0006192508572882937, "sig4": 8.358629747896477e-07, "Mt_basis": 0.09879395347498886, "off2": -4.0394381508199265e-06, "xnorm": 0.045622347405324816, "rhat": 0.3305507736178676}, "pcs_0.04_1.5": {"bracket": -2.0405256591599425e-06, "dtr": -3.2385540546134634e-06, "drem": 1.198028395453521e-06, "sbar": 0.06368141345343373, "sig2": -0.00030043478129856537, "sig4": 5.694865676551321e-07, "Mt_basis": 0.06367310725241382, "off2": -3.2381371939509348e-06, "xnorm": 0.0291336580814317, "rhat": 0.933690752904703}, "pcs_0.04_2.0": {"bracket": -1.2285711932085014e-06, "dtr": -2.801642711178372e-06, "drem": 1.5730715179698707e-06, "sbar": 0.04879623559082096, "sig2": -0.0001863563799670404, "sig4": 4.0070673202228115e-07, "Mt_basis": 0.048792513516499394, "off2": -2.8014240269725413e-06, "xnorm": 0.02261184014778278, "rhat": 1.8277380711768052}, "pcs_0.04_2.5": {"bracket": -8.610127973449017e-07, "dtr": -2.507754159761783e-06, "drem": 1.6467413624168814e-06, "sbar": 0.040277175993640967, "sig2": -0.00013001659861770719, "sig4": 2.8987857961204793e-07, "Mt_basis": 0.040275139371892726, "off2": -2.507619504594733e-06, "xnorm": 0.0193337395300196, "rhat": 3.0126927284341765}, "pcs_0.06_0.4": null, "pcs_0.06_0.7": {"bracket": 9.419665309962096e-05, "dtr": -2.343903053164656e-05, "drem": 0.00011763568363126753, "sbar": 0.15251591441372567, "sig2": -0.0025628831599713558, "sig4": 4.891492468868339e-06, "Mt_basis": 0.15210672348997684, "off2": -2.336259091594263e-05, "xnorm": 0.15639860078815804, "rhat": 0.1287713925902927}, "pcs_0.06_1.0": {"bracket": -1.3661602025655974e-05, "dtr": -1.890643320827497e-05, "drem": 5.244831182618995e-06, "sbar": 0.09483887841756761, "sig2": -0.0012689706908370249, "sig4": 3.832078825523135e-06, "Mt_basis": 0.09471767945449552, "off2": -1.8882013552366653e-05, "xnorm": 0.09543866097702039, "rhat": 0.3637819448058644}, "pcs_0.06_1.5": {"bracket": -9.648789106700776e-06, "dtr": -1.5621404977360723e-05, "drem": 5.9726158706599475e-06, "sbar": 0.06226602746511649, "sig2": -0.0006382618683807204, "sig4": 2.6921642392000686e-06, "Mt_basis": 0.062228092671085006, "off2": -1.5612022950983727e-05, "xnorm": 0.06296156574457033, "rhat": 0.9881920696866981}, "pcs_0.06_2.0": {"bracket": -5.994336953186728e-06, "dtr": -1.3691548728750045e-05, "drem": 7.697211775563317e-06, "sbar": 0.04804736845311684, "sig2": -0.0004021203606638796, "sig4": 1.9205342518245306e-06, "Mt_basis": 0.04802988290175463, "off2": -1.3686448539766815e-05, "xnorm": 0.04952753833711598, "rhat": 1.9035095335527987}, "pcs_0.06_2.5": {"bracket": -4.282466548457576e-06, "dtr": -1.2346686968204602e-05, "drem": 8.064220419747026e-06, "sbar": 0.03980247820844741, "sig2": -0.0002830426974162765, "sig4": 1.401353335143864e-06, "Mt_basis": 0.03979275687902316, "off2": -1.2343484871053967e-05, "xnorm": 0.04269219940131788, "rhat": 3.109734336404168}, "pcs_0.08_0.4": null, "pcs_0.08_0.7": {"bracket": 0.00013253359535741945, "dtr": -6.308897769845013e-05, "drem": 0.00019562257305586958, "sbar": 0.1387838768916577, "sig2": -0.0037636493785418476, "sig4": 1.2785456929698651e-05, "Mt_basis": 0.13787644212154826, "off2": -6.261458440317605e-05, "xnorm": 0.23620028077265956, "rhat": 0.1587344779545295}, "pcs_0.08_1.0": {"bracket": -4.028731728449997e-05, "dtr": -5.41430360591961e-05, "drem": 1.385571877469613e-05, "sbar": 0.0900620627298814, "sig2": -0.0020048185969065, "sig4": 1.0682105546040377e-05, "Mt_basis": 0.08975296525451223, "off2": -5.3958086751529104e-05, "xnorm": 0.1547380461664512,